wallet_address,reward_morbius,balance_morbius
0x611f43004ec308dc84c964b813bfbda153bbae57,87003.279867435017665584,105288567.701573561878212462
0x479143834c0ec540e0924923383cdd8839b138a3,43447.636648713504325731,52578930.814235572467894131
0x442e1dc584697a635be1a3720bc0e33825d8bb11,39182.92302605609748542,47417911.716206649531328386
0xf54c17a6448107193e575be9a03c904031f81151,33057.711075850384244045,40005377.452114949295030448
0xffc2ead3e5ee3c2a0a3e413978ce2b104112910e,29289.193614002218106291,35444838.969876917507311025
0xae3a9849516b880f11fb9b8f7a1d2b3652450235,28424.149712663085183069,34397990.695768699512487936
0x9a2370f894ce1c59dde57ff7f8f50db2c0e5214c,28095.277810681564385086,34000000.51
0x8703b5e286d5735919a2b7bebf7ec4e205659a92,17012.655412859596501549,20588167.755855637140414904
0x8e51d64157ff036cbd8780bea03d3db0f1ed138c,16893.37396708728030491,20443817.191165709134832281
0x60445f1cd286a88631543ca1322bfe2070d50abc,16278.704769239813334372,19699964.320903303131010618
0x412184a37acecc178dcfb3863b47857d6dda60f4,15688.630498189887733922,18985875.439069653410601116
0x8fac73dede4e2d892a3a55e58ec24650e0844bd7,12999.796427240186681154,15731935.029594932431354828
0x322a429a6787935d591e0009adf2e53fc3b5d993,12469.139397174147407143,15089750.979504461698513551
0x88415ca1c25f70afd1c77ea330f3e33773f5d4ba,12468.312977782591954937,15088750.873368345238165775
0x25642b80eab29b9fa6c2d85182fbfe1ca5ff5a81,12394.975318787825093955,15000000.0
0x31ce17401633aba6883f6c2a125d8c683dc72c81,11787.965524634786480479,14265416.293448011227050899
0xc81788841f62ff8a66a51ff2b92f0e105d40c5ce,11207.043314970836661378,13562402.941597995407073069
0x3679f65f73e3a9fb724aaf453d660599a22cc05a,10742.311942950001875004,13000000.000000669779763255
0xaf66e601299f3d88d82734431629cf3fa9f41269,10652.504297095230928713,12891317.678884655958063379
0x4c71d16554eb0c57fcbe4abcf3cf7f3da683b0b7,10491.359398155614744247,12696305.311217381581800659
0x92480ff8d44bf8ba65dbfc0c9548400cc9f16326,10476.869876151745619275,12678770.558265627252523964
0x4ac099766fe60c408a6329ab02914022863b6d78,8921.954708914214157604,10797062.292722753104626708
0x23fc440ab0738a37c42e2f9dbb5f42fe3e6fb335,8345.95004798380222993,10100000.0
0x679fb60cd46306e1a922cdba11b796772a3eb0c3,8268.787505954418629195,10006620.376348280905851527
0x57a90f5c5c0b9df3dcaa3aea6321d6c1686f77c9,8263.31687919188339597,10000000.0
0xb4700d02e34e5abe7f1db690bde921b32850f1c4,8263.31687919188339597,10000000.0
0x3f8f210fb10204f0b24a52f287001124f9f51220,8263.31687919188339597,10000000.000000000000000001
0x832a7b248fa2978d00b702169f6722c6e58d622e,6610.653503353506716776,8000000.000000000000000001
0xe613c928364992dc69e3d2c5c665262089504e92,6576.854834904521716815,7959097.939794497674691362
0x7dec4c25c667f6d76015a9aa51c132b0c187c3c3,6452.301331354424508176,7808367.30054751529118352
0xfca719b2f234fce1760895b2ecb5fb2284bcb227,5278.108786508633069652,6387397.29296791683795468
0xdb94e395b5523b8551d927a1cc1c4d8eb7962988,5263.142148770005894878,6369285.149917569666556019
0x9f7f78ee5ca4f4efb5a30c05b82f21cc48aabef7,4756.120832637183586284,5755704.279735078495401897
0x7e8dffd5cfd17aba4f05da312455b854e5648e3b,4751.407205535527135252,5750000.000000234993493059
0x93631f5aed49014a11652e1f94ee724357d62118,4318.031804912947925549,5225543.04529494545481728
0x4fbddd86cbf8303d1f7e43955f49fb47f2c4ca94,4237.812369268301164497,5128464.067425114721127672
0xaff6efd928f8099d1be8e0a003a238315cd0d0b9,4161.076571178623916585,5035600.87554763987758969
0xd411eecab6ae2aceade47fe97a844a0c03167cfb,4133.72586054813469398,5002501.926263289059308634
0xb3d08a184e4bff273f2ac451a2871a37cb3e70d0,4131.658439596080847596,5000000.000000168394378687
0x0026b10e6fd0947425549319bea6261d7edb61bb,4131.658439595941697985,5000000.0
0x7d6ec015351b6d7ec055082188a83a0d4b8094fe,3356.228355097740187748,4061599.481376738375462566
0x3830520e6835d6375afa327453e20182aed01626,3352.764966483155706425,4057408.2
0xa37822ab0f6a59b55ecfbbfbce524864ef2ebd74,3328.875626488926300417,4028498.09
0x00b0fae5d46ea1ce8196d945035c1a2fd47fae67,3100.317301645413240125,3751904.165084627427937059
0xfed368f32cec0b599a7acff36bcee4762116e303,2818.476675390987678347,3410829.714746002202141967
0x96fe07261bf8028f4c29693974ba4c17626f31df,2806.541372857653370664,3396385.995949027386647171
0xe21f8fdedf2c7326fe263bd043984fd849f76fb1,2657.634988603861161384,3216184.284661931485301575
0xa88b2e4cc467f0e4c1990748ff0ad667c4daa4f5,2656.722734267436280078,3215080.303839506464334363
0x10c73891ee9b729afa408e2c4858745eb309606c,2478.995063759858298409,3000000.000002775253147964
0x392491eb464c97ee8f9b9daac313b6b88f4efadd,2448.578839102298699302,2963191.264355529719763574
0x1184fa9a6f73a5789c0f0d0618c31e0fe7ef459b,2185.148130642571305322,2644395.903713993029231125
0x064da67680c6def174581a9c464d08d5175b59fd,2172.650639589755785127,2629271.842473783491610171
0x06c8e296cc63b15b17878b673a9d58e71ea7508b,2169.939408640914490025,2625990.798083886584077856
0xda8681ace25181131c48b4705586bcf0c3b7a3d9,2093.621324482803847258,2533633.110155580703982445
0xdfe130e8796220ae800c7673367f0a7aaf86dbfb,2012.230186733091416036,2435136.176128197583699932
0xf924bf992ad84edb67be81ad06f319b0229703cc,1968.092340576641342248,2381721.975993146531428775
0x8f6dc8fd8a5115fdec3ccbe36be6cf9b28635f2e,1950.701672926408624482,2360676.350000000000000001
0xf9fa3278b32d7f06f5875ebc29c47b9f69803b9f,1947.442326422011021938,2356731.993814646555686355
0x8efad1da5e5a29706e228bc3b3498cc1e6fcbd4a,1925.3532059754835645,2330000.45154237721757235
0x6c35b851b6b3db8fbb166f6a8f7564a8cbbcdc2f,1856.925141391434471004,2247191.011235955056179776
0xf449f0defdd4b235b3e8f125ca0564fad8d0b21f,1652.663375838376679194,2000000.0
0xf7b5054c0b8b67e7b0f6454747d98452f736787d,1652.663375838376679194,2000000.0
0x38176e738305c9ee29d8f44207f1f533540ca918,1566.27383416749620163,1895454.158500903331443136
0xea0101d680e4009435d93f4bcb4a5bd46c4c3cd7,1566.067985824480510685,1895205.047464711503808519
0x243340a06457b3faa426591538ab2b7f6dbf1271,1502.319193714767357102,1818058.312029403461539643
0x5906f59fe0d0eed9dec2ccb62f48eda65304880a,1416.28587403664480412,1713943.558915232389046923
0xeb7806aa7c0331c8136d29783c6cb461634a47ff,1387.667510228850411167,1679310.536575426941584949
0xa0da3b2ab1601cdec4874b59646b1a1ccedb48cf,1322.130700670701343355,1600000.0
0x1a7590abc95af2690c40a2345bc8b7f795780215,1233.015512222519659223,1492155.668539608560161355
0xf2e226407514e042c1a4c5ed4344bdc35913b585,1172.252124264890934192,1418621.773076106595053778
0x0744ddbacdf0b04f6e55d283aa31b854458cf2a2,1039.2542806729038341,1257672.065426756818201463
0xc754f2eb4a8975d817d9ce32c9b8096d9711d71a,1036.491740548892561677,1254328.928325276768360638
0xee1a3bef8409914063b8651021b5900412b79bd3,1016.263503665788937265,1229849.367419121783324531
0xf7e4be03b2e2b3959beefec73fd7082af4b3fd89,1012.831179405043703419,1225695.679123095913995413
0x5aa8f224b3028a5782ede52cbca82d2be7cd66ac,867.037404361968922814,1049260.747273631633980749
0xa775f494098d93a2c370dd85f29201a73ac3e2ee,833.720741327737438174,1008941.9945
0x228edc04e5c368e9701be8a2c9c64bdb58a9adad,826.331687919188339597,1000000.0
0xcfab6a4b44672120661eb5a0a09f14b4036c8e4c,809.975304470091960643,980206.031442066684463235
0x8058accc2cabf54bbe0219c4e5ebdaf589c6bc15,794.008268877817086495,960883.239123062235151734
0x85868210235b98125fbcdf71ca348ffea886d428,729.038862744249467799,882259.355901097080106586
0xf507f2b75032937a6a8e9fa93d4add259e659c5e,703.547471855809540958,851410.495496589786816853
0xe8e9a8d1874e77eb2075d5f3020ad59d4dbe099b,661.065423567335956334,800000.08862299044717053
0xc8f30ca4e2ab55c5751288c83019fd6ca3c5bf16,654.001122872787180584,791451.099400106338479216
0x530af960cbb4d3c5f79ff67aa3c4ac06b0882d3c,640.394570894369573308,774984.888340621628106525
0x02d54229adef31ea47b5ea23c92efb4c3d5768e1,627.375681139584516856,759229.847180856437681614
0x54b57acd7993283b060806ca3617b4d2677d25bc,614.986727625008988659,744237.134574405946342326
0xaaec6bcaad1c8560f3f7b0757cce2c1491dfc986,608.707271399615628536,736637.93885530450998617
0xe94396191532b45c9fa27b085be8bf73e968a698,578.432181543431837717,700000.0
0x0b00dc6833f2a7fecb3910e8a2777e826dda5500,556.820864483141170932,673846.68
0x314a0ee60770caa753fc155b0eeaf17a3a26eba8,522.212941601480254483,631965.286138888115075176
0x1f0d351ca79480d448bd2290ffb27b25a4ee523f,522.03504384294723354,631750.0
0x3d6a68d3d8ec3e3e1b28eb059d0865b6a1f6d6d6,510.395530144013062049,617664.235325715276789918
0x5daec7d73f1a2aabce8ed5cddd74b80be1b35001,483.339182238209361237,584921.514332000106010403
0x0cb08086b9aeeef4410f2b2e050a586c1944e897,457.971616653184294136,554222.503322384914836908
0xe2e83f56c43c009a19875a3421b53f139541ff23,438.217832541662990549,530317.109882537624212997
0x66184928f9ed4deb086da37ed0e51c1041514ee3,427.058101582521915009,516811.962830458884498655
0xbcfd2255b4ac0ecb2ee9405c5c289d2b9554fdaf,422.9189956042646946,511802.950058989315672668
0x9f54598363ada26717656c11dcc66a96bf856b5a,413.390997341476783011,500272.473372586713918763
0xbf616f138ea823ae8c1c2c29353c919be1045078,413.242640709713786328,500092.936954061390079341
0x735e6a45ab33354103e670eb28585334dba6ae99,413.167872589771618526,500002.454982916795899904
0xa832fcc43d40b925c803d5fbbdad1fe58392b1c5,396.043079855165151843,479278.582251218774356182
0x51d9ad7ca08c0db83eb301088909e497a6ab52a5,395.34954590589744068,478439.289798312701389048
0xfc55df4bd90c01ead2e766173e98d52ee4f9bbcb,392.91179731832127707,475489.2049556089990184
0x6bfa628b0d625380f327fe639a06f34b31304803,392.219519591669079146,474651.432742860575786997
0x0f2a864dba126dcfb18bd0d801e75729627dcf22,390.583893874529443812,472672.051168787874311207
0xfd7221a4cb6c675b83ff9b7e7bcf0b49832d0ca0,370.520499435327648334,448391.977280148729489077
0xe72f93993f71a4b84246f7cf45be2b3473358461,359.454284244846927724,435000.000000000000000001
0x9d971424e5d93ed64c567e3ef26e1498c53318fd,356.319544081760966075,431206.438396451128640691
0x24a4804758c5c4e6a4ce9d0a181f2dfff4ae70c4,346.555396694384463473,419390.181643713124079616
0x91cf181228a3372d514db45472a23d50cdf78b40,330.532675167675335838,400000.0
0xb6b3b6b3f5605b276b6347bb1cc34c3532362378,328.835281142898672336,397945.868409027221902814
0xed8474661afdee99a4db9e1b2f36dd03da0af075,296.634344310588464005,358977.331557443574904536
0x284ead7ce81ece755738e23743c7623e91fc7c8c,290.762176151851657248,351871.022741520398820684
0x12d63b76b9f093b8b6baddce670ed863935a0500,289.161161860944972627,349933.526800951728670627
0xddc2a9a90b4c60279243b38657a61f0dc83c9648,286.524810077995144711,346743.098766431465056495
0xa63adfc305367d017bc3d5157d6b8de61d67ba0b,267.512902680998062351,323735.50063731752435125
0xaacdb8562cf80217d6d52b848d47c9dbca35e4e9,265.52745784949496366,321332.779235573014951427
0xd854200599bdddcda3a95adad3bd898271ca6062,263.613475658150596291,319016.539619778991888062
0xc792a5795ab0c44ade5ac2bdea8a9b6177f4b878,263.2085094794737764,318526.462590666653370134
0xa0adeee037bc410784a20e7c89e834e2f55bc088,260.354497996337034612,315072.629795843647924766
0xb7e9224dd35ca690c02c960c59fe851705202a2a,256.383035450517597132,310266.493708021454522893
0xbd3ceb5a064a39bba54eea0f7ef55cc01fe13d27,253.81998877786260357,307164.777157480979030201
0xc4dd850fe282dfad87e1451257c497385b0bf6ab,238.639956628577576639,288794.391062872480446992
0xf9e48f4c0eb3aa7709331ea89b9ac30351ecc391,231.499012734889154519,280152.650708378444019208
0xd9b5b493d390fb29a2e5ddec9d831e2c71c70e1e,224.944495623498832312,272220.585162283441071646
0xdffa963fc0fc862f2e6cf2a29dba627d66833e66,206.988387011178365957,250490.680724591713566185
0x524887e2dcb49c5085196f1988bb4260f44112e1,191.044724847566093147,231196.174176306596948189
0xf9a5f004b6d98db123b46a8d329621559e54730d,190.979631249494219157,231117.4
0xade4a9a76ca6a31970b8e22b7fc692b714f03f25,189.478523894519480387,229300.808216191340627341
0x899720baa52df75c47a0c440cf5bf7818d796c4f,174.471382597180327035,211139.649063346669883011
0xd9521fc5990ca3ec1f60d0fc7d2e83dfbd620e9c,174.447708968445422575,211111.000000166583246511
0xb6987cc449f82ac9456c35d969800c9522d91bf2,168.108244196157761015,203439.183869949834544823
0xe1e206e15e40531b3c552e57f862a5da84b54051,166.456801489158641583,201440.6610840723269935
0x66afda0432c237a182669cab701bef60393d0ce6,165.266337583837667919,200000.0
0x31415995b2ffadf05fe929fdb6a87fd18a2817dd,164.930541124983045886,199593.629938481239180038
0xafd8172fb668ef41d9f7da54b64b6558779361dd,145.251738374021988199,175778.976526707976321381
0x83590c69b6a036325ad2618a19ff79e0e37f0c79,143.202878586672944964,173299.512387424704821299
0xa879bd0867d55cbbcb7e793b1bbe648193ebd74f,116.483448667356846702,140964.518691855398768106
0xe8cdfe8bb310b23da4e1453ceca3dc0a8dc5c2c4,115.857007247940707134,140206.419458128078817734
0x928895bbaa9b22414b8989ce9f1fe1d040eaee5b,91.576570720679200114,110823.017027558299484895
0x6fc27a4cc7869add7251bdd74a760eb8291a537e,90.10678362663159185,109044.328014979434087951
0x9f864e9c0f0bd94b4fcf7c835495cc4842e92355,84.477067746764871528,102231.427139735155480576
0xf82dfbe8ddb7a7606553f0dea7da66951e6957d5,82.633995123606753148,100001.0
0x5b64f76fc86965469976583629ddc7fed82c3eae,82.633168791918833959,100000.0
0x9067d7407841628f4cb964ffd80b15a5734cf810,82.633168791918833959,100000.0
0xbc21f1228f3d2cb3867ea504d4007c3ce2dc5ce2,80.483149328587668087,97398.115678287496020333
0x8ce7124b31c50519dd45e722e3d3a7df6321c73d,71.77703163895672497,86862.252396130072906629
0x686d160c9be40480203fcf3e0cd44eb8d1678e85,69.047444816187992487,83558.994318683968415815
0x6e9f49cd04eceb3839fc9443974c1b7518df58aa,58.900922714879744846,71280.0
0xa7c94d3276fb156005ef46cb7d4163dae7dc3c9c,57.557365537253450304,69654.070367542665729459
0x12f79c9fd9f8ee94f84b39a42a2975dfb42ddf34,41.072406749502859804,49704.504075026544678109
0xd94dabf0563c39647702a74991845beeb722272b,35.121664213252385668,42503.107077611106115204
0x60fb3debee97b1eb9778f965e2e584ab14fc9f1a,32.124285256057319629,38875.775582261024950621
0x00e2f5ac83da949d8bfaa80e822462096e0f0b66,26.679437309356577394,32286.595926798962137711
0xc4d237913300762b4b34d74eb147c0226a9a3abf,23.8270931301850229,28834.780849545744902144
0xbfb14bf2de021dfeab5dd47af04ca28436fe4220,22.654698769602104514,27415.986946657715419627
0x4239408daf6deb790d1c6e722811a3264c76e653,21.488396492606058979,26004.565487155239162343
0x64a14f577644b619c846d42b848187370f3d5b1d,20.187389819739100206,24430.1291053881737422
0x31399c03e5cd1d70f6e90dd2b1d9f672ff0dfdcc,18.968030420428752413,22954.499624954166881273
0xae9a2bce9cca9ee080076c014016ab39979581b9,18.763928332581329456,22707.501850535786767691
0x96a995daad68776c8924d2117c72766f1859ca53,14.550849366975917194,17608.969351782776174949
0x1cbdc69963cdac86a0dde4860c55a30e86b3c52f,13.637989893109454942,16504.256211511994309898
0xc44ca9444bb42a850941375c9ae70d9b89c283e0,12.477608487579743927,15100.0
0x0d0dd460661a264604a3ad32079c3037830c5a56,12.053361436311021066,14586.589879740624946749
0x8605a54244bddef405ca1b0924cd003d434fedb1,11.328109889757947425,13708.913811938660051373
0x5f996bcdb61859cfbba9e0fdcb544f33ecb1b03b,10.773854648306854943,13038.171966316377387746
0xb4b9917c0bd9fbf7780a8823c8e674366156f28a,10.109115692483660129,12233.726287248817043703
0xbf55c7b3a9f95481033a402753c80b099a4157d1,9.358653171761995975,11325.540710327003367832
0x19c1bb001faa97bd0a07ac75719f380787ae4759,9.065006857996267553,10970.179397117330402918
0x4bd6d5c572ad27f035a7e6796a455e68fac625b9,8.263316879191883395,10000.0
0x6186367975b87e028ef4189ae81c7ca4ae637d6b,8.263316879191883395,10000.0
0x444f0714bd297b17fd717d0824b95ca1e48352dd,8.263316879191883395,10000.0
0x8a5d1d680d6d733b93974d04fa3fdd5a7798789b,7.686537361024289934,9302.0
0x5e9ff1d1f2017fc69b5e3accb0d47fc504093973,6.558726943733116936,7937.160149635375023158
0xea6f2c484b720103ef11c77f71bf07ec11640e29,6.259958335000603185,7575.600000000000000002
0x22b38331b854ba21c1fd3c0e4a23fbc950b0b1e6,5.891643721002984225,7129.877514244814324917
0x9fe6e05ad906a8e2567c132ea13152c3ada47740,5.656413822212358601,6845.209865370104717772
0x5e9d1e962b006b3babf31fcc61c05dd9ad6045b3,4.858824590590319749,5879.993060444623481525
0x7094072f97d04c0784ffb95677c52c605254152d,4.715825465837652008,5706.940124386031430553
0xf6976f0355d510dc1c8239f8a1b31ea7b513926a,4.590272526391091226,5555.0
0x7f18e5bad641f989aefb4379190430c0247eacb5,4.189501657750284881,5070.0
0x9c28bbf3a555e2044289e6e21cdb5c3d80cd0f32,3.907927803753470262,4729.248388857197834383
0xe5cc5d793416a760963a9eae843fac483ee5b8cb,3.52849535498646669,4270.071457469676819571
0x81f73ab20890eb5b0226e03b6b73bf37f4cf660a,3.516033072800269182,4254.990004866087127339
0x71e1bcd783d3397f4d82b70bc5dceb194eca7112,3.265829805989702105,3952.202068171305706063
0xa4e20fe1fc059254eaa4b8b27b27503f0edc9d62,2.75168452077089717,3330.000000000000000001
0x398c47e9860a1fe9369d18e79370a6735a7bc274,2.380636366026206192,2880.969471255496762464
0x3051586dfaf32606dd0ebf89a121f2a6b8f373c3,2.279934228770056735,2759.10298745922524676
0xc727edc3a8b61ba119a92723bdded83d4c8ff604,2.238379089910197247,2708.814296528709459986
0x106bf0c358d3f59134234776670ab68e7966cc2d,2.224594725024629444,2692.132902014747828772
0x33e595e5c02d339022d8e96d45dde702c8abafd0,2.087708946684295956,2526.478140928397810355
0x512c6e89046dd1417d32a970d878cc411a46c689,1.962537758808072306,2375.0
0x56f4087a96a000f3f515fb875666f38f4e302b6c,1.859237185484401111,2249.988972547094740833
0x8bc6070a8b0afb5fa1e88b635289e2964882c23d,1.850752217774024853,2239.72073784857734469
0x91ffe6630f15e91ad23160d17f103ffb88442806,1.834456347180598113,2220.000000000000000001
0x119cb55d6de609889edd8d788c06bca35c03dc8a,1.799243801066094794,2177.386910571984559426
0x9a0fac31f8e7aea3575903111da32a073fd245a7,1.644464721372899143,1990.078252370881693022
0x9eaea0ff2c8a31f8f317e147f1b1ed0f7b3191a6,1.391675138075406344,1684.160438745641018613
0x86805a6f49a3dbbf6b9b2ee1ac46a89aa4637efc,1.341962661180761863,1624.000000000000000002
0xd10dc5c09f902ceef3e53e1c544de4bdf9888412,1.340929504999157295,1622.749707657700758594
0xc1ace52a060d779e45471a7e1dc1127844d24f65,1.24920668764012739,1511.749707657700758594
0x5f4c9826fabfd3d606b433e73ac2c58cf3a82579,1.074231194294944841,1300.0
0xd9f64ae2001926f4824dba9ffc78f83f3ac8acba,1.049374192647262296,1269.918857026679276382
0x0a21ffc5dfb2617d1eab189f0b0a788d721c5c55,1.036120654054110414,1253.879851398653524207
0xdd25a1971124226c085a3c5fd4956ae94c8416e3,0.907973343357577754,1098.800102467295935071
0x2eeebac9b192c6a70329e21984524c295b526dd8,0.826331687919188339,1000.0
0x88e6d62edc103c7d51f3a4e46494b0c92b5b5f07,0.826331687919188339,1000.0
0x9ff331a11dbff265d80512262068cabe4d85d9c1,0.826331687919188339,1000.0
